Workbook

Sheet VLookup
A1: EmployeeID | B1: Name | C1: Department | D1: Location | E1: Salary | F1: JoiningYear | H1: EmployeeID | I1: Name | J1: Department | K1: Location | L1: Salary | M1: JoiningYear
A2: E101 | B2: Rahul Sharma | C2: Sales | D2: Mumbai | E2: 45000 | F2: 2019 | H2: E104 | I2: =+VLOOKUP($H2,$A$1:$F$9,2,0) -> Neha Singh | J2: =+VLOOKUP($H2,$A$1:$F$9,3,0) -> Finance | K2: =+VLOOKUP($H2,$A$1:$F$9,4,0) -> Pune | L2: =+VLOOKUP($H2,$A$1:$F$9,5,0) -> 58000 | M2: =+VLOOKUP($H2,$A$1:$F$9,6,0) -> 2017
A3: E102 | B3: Ananya Gupta | C3: HR | D3: Delhi | E3: 52000 | F3: 2018 | H3: E103 | I3: =+VLOOKUP($H3,$A$1:$F$9,2,0) -> Rohit Verma | J3: =+VLOOKUP($H3,$A$1:$F$9,3,0) -> IT | K3: =+VLOOKUP($H3,$A$1:$F$9,4,0) -> Bangalore | L3: =+VLOOKUP($H3,$A$1:$F$9,5,0) -> 65000 | M3: =+VLOOKUP($H3,$A$1:$F$9,6,0) -> 2020
A4: E103 | B4: Rohit Verma | C4: IT | D4: Bangalore | E4: 65000 | F4: 2020
A5: E104 | B5: Neha Singh | C5: Finance | D5: Pune | E5: 58000 | F5: 2017 | I5: Kavita Iyer | L5: =+VLOOKUP($I5,$B$1:$E$9,4,0) -> 54000
A6: E105 | B6: Aman Kumar | C6: Marketing | D6: Mumbai | E6: 48000 | F6: 2021 | H6: E107 | K6: =+VLOOKUP($H6,$A$1:$F$9,4,0) -> Hyderabad
A7: E106 | B7: Pooja Mehta | C7: IT | D7: Chennai | E7: 62000 | F7: 2019 | H7: E101 | M7: =+VLOOKUP($H7,$A$1:$F$9,6,0) -> 2019
A8: E107 | B8: Suresh Rao | C8: Sales | D8: Hyderabad | E8: 47000 | F8: 2020 | H8: E112 | M8: =+IFERROR(VLOOKUP($H8,$A$1:$F$9,6,0),"Not Found") -> Not Found
A9: E108 | B9: Kavita Iyer | C9: HR | D9: Bangalore | E9: 54000 | F9: 2016

Sheet HLookup
A1: Department | B1: Sales | C1: HR | D1: IT | E1: Finance | F1: Marketing
A2: Bonus % | B2: 0.1 | C2: 0.08 | D2: 0.12 | E2: 0.15 | F2: 0.09
B5: Find the Bonus % for IT department.
B7: IT | C7: =+HLOOKUP($B7,$B$1:$F$2,2,0) -> 0.12
B8: Finance | C8: =+HLOOKUP($B8,$B$1:$F$2,2,0) -> 0.15
B11: Bonus Amount for employee E104
B13: EmployeeID | C13: Salary | D13: Department | E13: Bonus % | F13: Bonus Amount
B14: E104 | C14: =+VLOOKUP(B14,VLookup!A1:E9,5,0) -> 58000 | D14: =+VLOOKUP(B14,VLookup!A1:C9,3,0) -> Finance | E14: =+HLOOKUP(D14,E1:E2,2,) -> 0.15 | F14: =+IFERROR((C14*E14),"No Bouns DAta") -> 8700

Sheet Sheet3
A1: EmployeeID | B1: Name | C1: Salary
A2: E104 | B2: Rohit Verma | C2: =+_xlfn.XLOOKUP(A2,VLookup!A1:A9,VLookup!E1:E9) -> 58000
A3: E999 | C3: =+IFERROR(_xlfn.XLOOKUP(A3,VLookup!A1:A9,VLookup!E1:E9),"Emp Not Found") -> Emp Not Found
B5: Emp Name | C5: Dept | D5: Location | E5: Bonus %
B6: Rahul Sharma | C6: =+_xlfn.XLOOKUP(B6,VLookup!$B$1:$B$9,VLookup!$C$1:$C$9) -> Sales | D6: =+_xlfn.XLOOKUP(B6,VLookup!$B$1:$B$9,VLookup!$D$1:$D$9) -> Mumbai | E6: =+HLOOKUP(C6,HLookup!$A$1:$F$2,2,0) -> 0.1
B7: Ananya Gupta | C7: =+_xlfn.XLOOKUP(B7,VLookup!$B$1:$B$9,VLookup!$C$1:$C$9) -> HR | D7: =+_xlfn.XLOOKUP(B7,VLookup!$B$1:$B$9,VLookup!$D$1:$D$9) -> Delhi | E7: =+HLOOKUP(C7,HLookup!$A$1:$F$2,2,0) -> 0.08
B8: Rohit Verma | C8: =+_xlfn.XLOOKUP(B8,VLookup!$B$1:$B$9,VLookup!$C$1:$C$9) -> IT | D8: =+_xlfn.XLOOKUP(B8,VLookup!$B$1:$B$9,VLookup!$D$1:$D$9) -> Bangalore | E8: =+HLOOKUP(C8,HLookup!$A$1:$F$2,2,0) -> 0.12
B9: Neha Singh | C9: =+_xlfn.XLOOKUP(B9,VLookup!$B$1:$B$9,VLookup!$C$1:$C$9) -> Finance | D9: =+_xlfn.XLOOKUP(B9,VLookup!$B$1:$B$9,VLookup!$D$1:$D$9) -> Pune | E9: =+HLOOKUP(C9,HLookup!$A$1:$F$2,2,0) -> 0.15
B10: Aman Kumar | C10: =+_xlfn.XLOOKUP(B10,VLookup!$B$1:$B$9,VLookup!$C$1:$C$9) -> Marketing | D10: =+_xlfn.XLOOKUP(B10,VLookup!$B$1:$B$9,VLookup!$D$1:$D$9) -> Mumbai | E10: =+HLOOKUP(C10,HLookup!$A$1:$F$2,2,0) -> 0.09
B11: Pooja Mehta | C11: =+_xlfn.XLOOKUP(B11,VLookup!$B$1:$B$9,VLookup!$C$1:$C$9) -> IT | D11: =+_xlfn.XLOOKUP(B11,VLookup!$B$1:$B$9,VLookup!$D$1:$D$9) -> Chennai | E11: =+HLOOKUP(C11,HLookup!$A$1:$F$2,2,0) -> 0.12
B12: Suresh Rao | C12: =+_xlfn.XLOOKUP(B12,VLookup!$B$1:$B$9,VLookup!$C$1:$C$9) -> Sales | D12: =+_xlfn.XLOOKUP(B12,VLookup!$B$1:$B$9,VLookup!$D$1:$D$9) -> Hyderabad | E12: =+HLOOKUP(C12,HLookup!$A$1:$F$2,2,0) -> 0.1
B13: Kavita Iyer | C13: =+_xlfn.XLOOKUP(B13,VLookup!$B$1:$B$9,VLookup!$C$1:$C$9) -> HR | D13: =+_xlfn.XLOOKUP(B13,VLookup!$B$1:$B$9,VLookup!$D$1:$D$9) -> Bangalore | E13: =+HLOOKUP(C13,HLookup!$A$1:$F$2,2,0) -> 0.08
